section,variant,size_px,proposals,threads,size (MB),latency (ms),speed-up,AP@0.5,ΔAP@0.5
a,baseline FP32 eager,800,1000,16,76.0,231.0,1.0,0.976,0.0
b,input 640px,640,1000,16,76.0,192.5,1.2,0.979,0.003
b,input 512px,512,1000,16,76.0,150.8,1.53,0.951,-0.025
b,input 416px,416,1000,16,76.0,125.1,1.85,0.934,-0.042
b,input 320px,320,1000,16,76.0,118.5,1.95,0.855,-0.121
c,dynamic INT8 (Linear only),800,1000,16,34.3,250.5,0.92,0.975,-0.001
d,300 proposals,800,300,16,76.0,270.1,0.86,0.976,0.0
d,100 proposals,800,100,16,76.0,116.2,1.99,0.968,-0.008
d,50 proposals,800,50,16,76.0,117.5,1.97,0.935,-0.041
e,1 thread,800,1000,1,76.0,375.7,0.61,0.976,0.0
f,ONNX Runtime FP32,800,1000,16,76.0,84.3,2.74,0.983,0.007
g,512px + 100 proposals (eager),512,100,16,76.0,81.9,2.82,0.944,-0.032
g,512px + 100 proposals + dyn INT8,512,100,16,34.3,90.2,2.56,0.944,-0.032
g,512px + 100 proposals (ONNX Runtime),512,100,16,76.0,34.2,6.75,0.944,-0.032
